amount,merchant,country,card_last4,is_fraud
11.95,streaming,US,2286,0
271.33,utilities,US,6912,0
6435.84,gift-cards,FR,0434,1
286.98,pharmacy,GB,3611,0
112.72,grocery,FR,2615,0
137.42,coffee-shop,US,5514,0
153.21,streaming,JP,9891,0
19.29,ride-share,GB,6201,0
1257.75,utilities,IR,9459,1
29.68,pharmacy,US,4741,0
342.42,grocery,US,7428,0
147.2,streaming,US,4374,0
274.05,grocery,GB,2803,0
99.43,ride-share,US,9125,0
131.06,grocery,US,0525,0
161.66,grocery,US,9292,0
127.24,pharmacy,CA,7517,0
57.57,pharmacy,GB,4304,0
172.52,utilities,US,3593,0
57.06,ride-share,US,0771,0
62.83,coffee-shop,FR,6916,0
155.14,utilities,AU,8669,0
222.18,grocery,DE,1876,0
215.71,streaming,FR,5573,0
175.04,ride-share,US,4315,0
305.26,utilities,AU,4889,0
204.05,coffee-shop,US,2646,0
311.89,utilities,AU,9813,0
9.75,streaming,JP,5038,0
97.87,utilities,AU,1403,0
326.78,utilities,FR,2103,0
378.85,coffee-shop,US,9938,0
86.3,utilities,FR,3295,0
160.8,pharmacy,DE,7177,0
181.69,coffee-shop,US,5539,0
1532.83,luxury-goods,US,0964,1
362.36,streaming,US,3899,0
195.19,utilities,US,9355,0
98.71,ride-share,FR,3119,0
264.28,streaming,CA,7651,0
23.56,pharmacy,AU,1612,0
1216.84,grocery,NK,3139,1
180.55,ride-share,US,7579,0
369.46,ride-share,FR,9016,0
261.55,utilities,JP,1528,0
339.78,coffee-shop,CA,7886,0
161.61,grocery,US,0035,0
107.55,ride-share,US,9105,0
195.7,coffee-shop,US,0958,0
217.79,pharmacy,US,0821,0
202.13,utilities,US,8320,0
75.96,utilities,US,3853,0
376.76,utilities,US,9740,0
9404.53,gift-cards,GB,4272,1
287.04,coffee-shop,US,2144,0
121.4,streaming,AU,1188,0
4284.26,ride-share,FR,4345,1
140.91,grocery,JP,6054,0
176.4,utilities,DE,8666,0
1403.09,grocery,NK,4333,1
44.6,utilities,US,4616,0
287.61,coffee-shop,DE,4325,0
101.95,grocery,US,6939,0
19.55,streaming,FR,4291,0
177.85,pharmacy,CA,0158,0
378.13,pharmacy,AU,8938,0
907.16,coffee-shop,IR,2088,1
1356.55,grocery,IR,3441,1
267.44,streaming,FR,6658,0
300.29,coffee-shop,JP,2900,0
11.86,pharmacy,AU,6745,0
345.9,coffee-shop,US,1771,0
17.41,ride-share,US,7541,0
328.57,coffee-shop,US,3164,0
112.88,grocery,AU,4573,0
204.74,pharmacy,AU,8785,0
12.99,streaming,US,4349,0
9530.99,crypto-exchange,IR,9932,1
48.03,utilities,US,0727,0
2.67,utilities,DE,3228,0
29.85,pharmacy,AU,5143,0
51.6,streaming,CA,6691,0
279.49,utilities,US,6888,0
152.9,pharmacy,AU,9324,0
220.08,grocery,US,3443,0
232.83,pharmacy,US,7238,0
87.05,ride-share,FR,2780,0
114.95,pharmacy,GB,5491,0
380.9,coffee-shop,DE,3680,0
60.65,grocery,US,7784,0
307.86,ride-share,CA,9431,0
279.15,ride-share,US,2417,0
4.21,grocery,FR,3585,0
383.27,utilities,CA,9132,0
339.64,ride-share,US,7612,0
395.18,utilities,US,7251,0
288.27,utilities,CA,8976,0
65.34,ride-share,CA,4050,0
112.37,utilities,CA,3919,0
32.84,streaming,US,5502,0
216.98,coffee-shop,US,6275,0
283.15,grocery,CA,5421,0
167.48,coffee-shop,JP,6381,0
234.46,pharmacy,US,9432,0
4.35,streaming,US,6389,0
381.47,ride-share,GB,8947,0
359.33,ride-share,US,7140,0
156.77,pharmacy,DE,6624,0
336.52,coffee-shop,AU,8751,0
13470.28,gift-cards,NK,1375,1
56.01,ride-share,US,4262,0
86.24,streaming,US,6211,0
380.58,ride-share,US,1341,0
300.11,grocery,AU,5733,0
29.31,pharmacy,US,0508,0
81.35,grocery,GB,3908,0
268.44,utilities,AU,7619,0
307.23,coffee-shop,GB,1876,0
67.18,streaming,US,0420,0
231.17,ride-share,US,3249,0
389.47,crypto-exchange,AU,9837,1
318.9,utilities,FR,5688,0
265.29,grocery,CA,5590,0
17157.29,luxury-goods,IR,5934,1
331.83,pharmacy,US,2885,0
386.26,streaming,GB,8817,0
187.02,pharmacy,GB,5280,0
332.63,grocery,US,7385,0
186.95,utilities,DE,5511,0
338.21,coffee-shop,IR,4232,1
352.37,pharmacy,JP,9106,0
351.19,gift-cards,DE,8004,1
97.65,ride-share,DE,8041,0
8.86,streaming,US,3986,0
233.46,ride-share,GB,5632,0
298.88,streaming,US,7434,0
102.06,grocery,DE,5169,0
215.27,pharmacy,US,3545,0
112.05,utilities,AU,8595,0
392.24,coffee-shop,US,5912,0
7.63,utilities,US,0745,0
222.24,pharmacy,AU,8042,0
6.88,streaming,CA,7216,0
386.27,streaming,AU,7827,0
28.01,ride-share,US,0878,0
324.83,streaming,US,4066,0
306.25,utilities,GB,3697,0
153.39,ride-share,US,9642,0
123.54,utilities,US,1625,0
84.7,coffee-shop,US,1330,0
71.18,grocery,US,6693,0
238.34,streaming,US,4720,0
281.79,ride-share,US,3824,0
315.56,pharmacy,GB,3241,0
218.74,pharmacy,US,4352,0
30.42,coffee-shop,FR,9749,0
228.54,streaming,CA,7679,0
280.49,streaming,CA,8090,0
240.02,ride-share,DE,9891,0
38.35,pharmacy,JP,9424,0
10.26,pharmacy,JP,9441,0
1255.68,gift-cards,DE,4557,1
234.96,pharmacy,FR,1494,0
164.52,streaming,DE,2634,0
278.08,streaming,DE,6561,0
220.94,ride-share,US,4135,0
388.13,ride-share,JP,0018,0
217.95,ride-share,US,8494,0
303.06,pharmacy,CA,0845,0
220.59,streaming,CA,7941,0
389.31,utilities,FR,2594,0
7.44,ride-share,US,1858,0
48.75,coffee-shop,CA,4781,0
110.82,ride-share,AU,3993,0
59.57,coffee-shop,AU,8327,0
56.33,grocery,US,6798,0
315.51,streaming,JP,4634,0
335.32,utilities,AU,8022,0
179.73,ride-share,US,9042,0
152.13,streaming,JP,3912,0
94.96,ride-share,US,7749,0
324.94,ride-share,AU,2492,0
16.73,utilities,AU,5439,0
349.93,ride-share,US,7486,0
1113.45,gift-cards,CA,1225,1
387.74,streaming,GB,6512,0
341.0,pharmacy,JP,6226,0
251.47,ride-share,JP,0588,0
95.44,pharmacy,AU,3727,0
174.72,grocery,FR,1646,0
278.21,grocery,US,0919,0
151.19,coffee-shop,US,6751,0
317.42,coffee-shop,US,9985,0
248.64,coffee-shop,CA,9554,0
185.54,streaming,CA,0153,0
187.17,streaming,DE,2588,0
1482.47,streaming,IR,4097,1
122.24,ride-share,JP,1747,0
229.63,utilities,US,4837,0
8391.69,gift-cards,NK,9935,1
333.47,streaming,FR,3770,0
142.22,pharmacy,US,4106,0
288.93,pharmacy,DE,2240,0
361.55,pharmacy,US,7222,0
1119.95,grocery,IR,5352,1
71.9,coffee-shop,FR,5994,0
365.57,coffee-shop,US,7894,0
119.47,streaming,FR,7673,0
58.02,coffee-shop,JP,6511,0
322.23,streaming,US,6464,0
9930.83,utilities,FR,6242,1
376.24,grocery,DE,7724,0
1379.66,coffee-shop,NK,7606,1
122.27,ride-share,US,0742,0
123.14,ride-share,US,3846,0
55.99,ride-share,US,8850,0
297.42,coffee-shop,JP,1622,0
247.03,streaming,US,6070,0
178.99,coffee-shop,JP,1627,0
148.2,pharmacy,US,6523,0
387.35,ride-share,US,3475,0
239.66,grocery,US,5464,0
52.12,utilities,US,9080,0
87.95,coffee-shop,US,2417,0
239.2,streaming,JP,2370,0
217.01,coffee-shop,US,0422,0
144.58,coffee-shop,GB,0258,0
22.85,pharmacy,CA,1862,0
191.55,streaming,CA,1786,0
90.18,utilities,US,8543,0
258.05,grocery,US,7847,0
171.66,grocery,CA,7267,0
7967.25,streaming,US,2067,1
253.96,utilities,DE,6240,0
213.16,ride-share,CA,7048,0
281.31,pharmacy,DE,9033,0
87.58,ride-share,JP,6779,0
182.49,ride-share,DE,5120,0
266.71,streaming,AU,7770,0
4579.81,coffee-shop,JP,6105,1
223.44,utilities,AU,9202,0
50.65,streaming,JP,6929,0
288.98,streaming,GB,5761,0
203.95,coffee-shop,DE,3674,0
141.35,utilities,US,4564,0
323.27,utilities,AU,9121,0
121.11,streaming,IR,5567,1
74.2,coffee-shop,GB,6566,0
4558.01,gift-cards,CA,6163,1
137.68,streaming,US,5314,0
227.9,grocery,JP,2549,0
247.9,pharmacy,US,7259,0
195.29,ride-share,CA,3531,0
47.3,ride-share,US,9717,0
267.52,grocery,US,9819,0
858.34,luxury-goods,AU,2248,1
117.2,grocery,US,7055,0
153.32,pharmacy,US,9154,0
322.87,grocery,US,0693,0
184.98,grocery,JP,9433,0
162.96,pharmacy,CA,1887,0
386.55,coffee-shop,FR,7538,0
368.07,grocery,CA,1734,0
236.37,utilities,US,5083,0
90.19,coffee-shop,US,1868,0
79.17,streaming,US,2419,0
60.28,coffee-shop,US,2504,0
262.89,coffee-shop,AU,8095,0
226.37,utilities,CA,9248,0
394.64,streaming,JP,5179,0
29.18,ride-share,GB,4500,0
142.07,grocery,US,7404,0
1261.01,grocery,NK,9733,1
186.16,utilities,AU,0672,0
324.31,pharmacy,US,9912,0
62.04,grocery,CA,5626,0
35.56,pharmacy,US,4059,0
396.41,utilities,GB,2600,0
367.34,ride-share,CA,5543,0
22.84,pharmacy,DE,1079,0
224.07,ride-share,US,9874,0
134.68,utilities,DE,5731,0
263.11,pharmacy,US,9749,0
35.72,utilities,US,5381,0
268.71,pharmacy,AU,8624,0
268.84,utilities,US,5940,0
380.57,streaming,AU,7967,0
399.99,coffee-shop,US,1657,0
216.83,pharmacy,JP,0618,0
350.8,utilities,US,6172,0
73.98,pharmacy,FR,2712,0
19.39,streaming,DE,3891,0
245.02,pharmacy,FR,3833,0
125.17,ride-share,AU,3178,0
378.96,ride-share,CA,4616,0
202.16,ride-share,AU,3271,0
57.08,streaming,US,7873,0
222.71,grocery,DE,8452,0
115.46,coffee-shop,US,8410,0
176.11,coffee-shop,FR,5727,0
167.13,ride-share,CA,3862,0
34.48,coffee-shop,US,1623,0
260.68,coffee-shop,US,4700,0
190.04,coffee-shop,FR,7685,0
4.09,grocery,US,3533,0
220.42,pharmacy,GB,6934,0
116.66,streaming,US,3906,0
317.97,ride-share,US,8189,0
8.54,utilities,GB,2352,0
2.62,streaming,US,6825,0
267.95,utilities,AU,1108,0
218.54,utilities,GB,6397,0
19.33,ride-share,AU,4155,0
144.12,grocery,US,1698,0
294.6,streaming,US,5772,0
325.78,coffee-shop,JP,7612,0
192.46,coffee-shop,FR,1033,0
377.55,grocery,US,0717,0
354.54,streaming,AU,8444,0
326.53,ride-share,US,3131,0
345.13,grocery,JP,5438,0
320.14,ride-share,JP,7204,0
155.88,coffee-shop,CA,8151,0
319.32,streaming,FR,6955,0
1431.86,crypto-exchange,US,1311,1
119.66,ride-share,GB,6981,0
178.68,ride-share,US,5776,0
175.11,pharmacy,AU,0939,0
9812.98,gift-cards,NK,0510,1
243.81,ride-share,US,1101,0
258.77,streaming,US,9293,0
1745.8,crypto-exchange,GB,7273,1
230.42,utilities,US,5150,0
101.35,grocery,US,3048,0
156.02,utilities,US,4264,0
87.4,utilities,US,8047,0
56.02,grocery,CA,7292,0
324.58,streaming,DE,1063,0
117.56,streaming,JP,2852,0
204.48,grocery,AU,2275,0
198.62,streaming,GB,6044,0
393.24,coffee-shop,GB,1412,0
19993.52,gift-cards,IR,8612,1
164.95,utilities,US,5194,0
181.09,pharmacy,CA,2102,0
312.54,pharmacy,GB,2114,0
364.46,grocery,JP,8488,0
67.53,streaming,AU,3694,0
376.48,streaming,JP,4105,0
382.63,streaming,US,4961,0
39.18,pharmacy,US,9513,0
264.18,pharmacy,AU,5531,0
226.32,grocery,US,9449,0
85.9,utilities,CA,0496,0
251.61,streaming,DE,4949,0
322.27,pharmacy,CA,7430,0
5539.59,luxury-goods,DE,7609,1
243.45,streaming,JP,5231,0
344.59,ride-share,US,6070,0
44.26,coffee-shop,CA,4382,0
58.07,grocery,US,6293,0
168.42,coffee-shop,FR,9464,0
77.55,coffee-shop,CA,8433,0
351.87,ride-share,US,6442,0
386.74,coffee-shop,GB,0797,0
13560.3,gift-cards,IR,4681,1
339.17,ride-share,US,4333,0
306.01,streaming,US,0838,0
79.47,utilities,US,6329,0
306.23,streaming,JP,1946,0
40.48,streaming,FR,5555,0
147.51,coffee-shop,US,8341,0
18.02,grocery,US,5456,0
208.69,coffee-shop,GB,8446,0
372.68,streaming,US,4902,0
203.91,utilities,GB,9222,0
326.67,streaming,US,1795,0
234.31,pharmacy,JP,0436,0
107.68,pharmacy,FR,9477,0
289.12,utilities,CA,8589,0
248.65,ride-share,US,3968,0
6023.61,crypto-exchange,GB,6861,1
276.82,ride-share,CA,7726,0
294.86,grocery,DE,8498,0
131.37,pharmacy,CA,6173,0
70.93,utilities,US,5804,0
347.33,pharmacy,DE,4331,0
78.52,coffee-shop,US,4890,0
389.22,streaming,FR,3396,0
196.62,ride-share,US,4480,0
230.24,utilities,US,6464,0
381.93,coffee-shop,US,4712,0
33.45,ride-share,DE,7849,0
331.52,streaming,AU,4450,0
247.04,utilities,US,0831,0
213.35,pharmacy,US,1641,0
287.51,grocery,DE,2252,0
1106.23,crypto-exchange,DE,3267,1
116.32,streaming,DE,1465,0
94.42,pharmacy,DE,0611,0
71.68,coffee-shop,AU,0595,0
160.0,ride-share,US,4742,0
5.69,utilities,GB,5489,0
395.66,utilities,GB,2198,0
188.27,coffee-shop,FR,5417,0
184.65,streaming,DE,0230,0
316.73,utilities,DE,3164,0
342.75,ride-share,JP,8442,0
161.53,grocery,US,2303,0
374.46,grocery,US,3858,0
108.26,streaming,US,9386,0
1063.73,grocery,NK,7625,1
163.36,utilities,AU,5095,0
256.21,streaming,US,3618,0
55.16,coffee-shop,CA,9924,0
281.37,ride-share,FR,3578,0
272.78,utilities,JP,1341,0
212.21,streaming,US,9243,0
331.85,utilities,US,8792,0
132.59,utilities,CA,3365,0
196.55,utilities,CA,0911,0
206.27,ride-share,GB,9155,0
323.15,pharmacy,US,4169,0
298.83,utilities,US,6941,0
27.38,grocery,AU,1130,0
189.88,streaming,CA,2218,0
391.38,pharmacy,AU,6135,0
154.23,ride-share,US,8835,0
344.39,grocery,US,8802,0
52.68,coffee-shop,JP,0372,0
186.28,pharmacy,GB,8715,0
93.41,ride-share,US,4516,0
350.33,grocery,US,6868,0
374.62,grocery,US,1102,0
15.36,utilities,DE,0797,0
19.61,ride-share,US,3559,0
310.87,coffee-shop,CA,4739,0
366.73,utilities,US,9796,0
327.72,coffee-shop,US,2347,0
209.46,ride-share,US,0998,0
237.48,pharmacy,AU,6999,0
20.66,streaming,AU,6244,0
128.86,ride-share,CA,4913,0
302.26,ride-share,US,3692,0
283.62,ride-share,AU,9214,0
167.77,utilities,US,3978,0
133.44,grocery,AU,6079,0
290.38,coffee-shop,US,6179,0
241.96,grocery,US,9626,0
224.42,ride-share,US,5455,0
363.78,coffee-shop,AU,1922,0
302.22,coffee-shop,DE,3350,0
97.25,streaming,FR,6236,0
260.19,streaming,US,8401,0
187.47,pharmacy,CA,5246,0
149.54,ride-share,US,3625,0
8.46,utilities,AU,9488,0
119.49,coffee-shop,US,6223,0
99.8,utilities,DE,5530,0
328.99,pharmacy,DE,8037,0
293.64,streaming,US,8954,0
366.93,utilities,AU,0962,0
335.95,grocery,AU,0794,0
166.13,pharmacy,US,2474,0
9971.21,gift-cards,IR,7993,1
4189.62,gift-cards,IR,8777,1
8.82,pharmacy,DE,2937,0
40.33,coffee-shop,US,8625,0
143.07,ride-share,US,6652,0
98.8,pharmacy,US,1320,0
343.57,grocery,US,6213,0
191.45,pharmacy,US,2807,0
338.44,pharmacy,FR,9270,0
389.59,utilities,AU,3764,0
347.51,utilities,CA,0762,0
274.4,streaming,JP,9232,0
73.38,streaming,US,3394,0
301.4,pharmacy,JP,1260,0
226.46,utilities,JP,6375,0
217.14,ride-share,FR,2292,0
276.35,grocery,CA,5666,0
7714.3,luxury-goods,IR,9915,1
382.03,ride-share,AU,5347,0
1192.64,ride-share,IR,3737,1
376.57,ride-share,US,9598,0
36.11,utilities,US,4037,0
34.65,coffee-shop,US,2527,0
128.04,grocery,US,5050,0
305.02,grocery,US,3070,0
223.68,utilities,CA,0430,0
222.58,utilities,GB,5315,0
6.91,ride-share,US,1387,0
224.7,coffee-shop,GB,2778,0
69.46,streaming,US,8079,0
68.55,streaming,CA,7933,0
145.73,coffee-shop,DE,8123,0
79.83,grocery,US,0110,0
134.22,utilities,US,5399,0
173.39,pharmacy,AU,2230,0
242.08,pharmacy,US,5147,0
160.5,streaming,US,8044,0
313.23,streaming,US,6437,0
372.96,coffee-shop,GB,8939,0
307.51,grocery,AU,7563,0
85.44,streaming,JP,1133,0
318.67,ride-share,DE,2280,0
98.32,pharmacy,US,6932,0
31.44,utilities,CA,6566,0
369.55,pharmacy,CA,0602,0
145.09,utilities,GB,1392,0
100.8,pharmacy,US,0725,0
258.72,pharmacy,US,5432,0
173.32,grocery,US,3637,0
208.48,utilities,DE,3621,0
157.67,pharmacy,GB,8199,0
399.09,ride-share,US,6815,0
36.17,pharmacy,US,5110,0
314.14,utilities,CA,7801,0
289.35,ride-share,US,4919,0
3534.26,pharmacy,JP,1791,1
67.41,pharmacy,US,2858,0
133.73,ride-share,AU,3798,0
252.64,coffee-shop,DE,7080,0
295.48,coffee-shop,CA,7037,0
282.48,coffee-shop,US,1025,0
320.2,utilities,US,5340,0
47.35,pharmacy,JP,8646,0
126.73,ride-share,GB,9617,0
142.09,ride-share,GB,4873,0
236.89,pharmacy,US,1931,0
48.55,streaming,DE,8369,0
239.38,utilities,US,3043,0
215.88,pharmacy,AU,2838,0
196.88,coffee-shop,US,7389,0
346.48,grocery,CA,3196,0
385.6,utilities,DE,6703,0
167.42,ride-share,CA,1354,0
318.76,coffee-shop,US,4503,0
116.89,ride-share,GB,8115,0
47.06,grocery,US,8898,0
148.01,grocery,FR,7231,0
395.93,grocery,DE,4055,0
399.73,ride-share,US,1425,0
397.6,coffee-shop,US,9632,0
344.7,utilities,GB,2719,0
314.37,coffee-shop,FR,9340,0
113.87,utilities,US,4794,0
108.4,utilities,AU,1560,0
300.54,ride-share,AU,4543,0
52.5,coffee-shop,US,5277,0
305.07,pharmacy,US,2329,0
108.95,ride-share,US,1237,0
352.29,grocery,CA,4558,0
351.17,ride-share,AU,5362,0
347.83,pharmacy,US,7511,0
279.52,grocery,FR,6516,0
173.0,coffee-shop,CA,5289,0
136.43,utilities,US,7951,0
357.87,grocery,US,7529,0
1187.02,luxury-goods,DE,3314,1
363.94,pharmacy,US,4489,0
145.45,grocery,US,2711,0
1110.9,coffee-shop,IR,1494,1
2.43,ride-share,US,9726,0
272.63,grocery,US,5629,0
395.29,ride-share,DE,7826,0
5429.3,luxury-goods,NK,5133,1
121.1,ride-share,FR,2181,0
271.5,grocery,GB,0138,0
67.32,streaming,DE,2480,0
247.2,ride-share,JP,1420,0
57.73,grocery,GB,6291,0
172.9,coffee-shop,US,1380,0
241.2,pharmacy,GB,0439,0
264.05,streaming,US,9943,0
299.64,streaming,DE,3921,0
46.87,ride-share,GB,1163,0
391.12,streaming,AU,2162,0
335.91,ride-share,US,2830,0
381.87,grocery,US,1106,0
243.59,luxury-goods,AU,6520,1
252.17,utilities,FR,6939,0
34.81,utilities,GB,2501,0
125.34,utilities,AU,2545,0
157.51,pharmacy,FR,1083,0
176.12,coffee-shop,US,1412,0
48.16,utilities,GB,5067,0
263.9,coffee-shop,US,2248,0
67.21,streaming,GB,4247,0
52.52,streaming,DE,1934,0
13.68,ride-share,US,1046,0
390.07,pharmacy,US,7457,0
24.06,utilities,US,2577,0
42.96,utilities,DE,1889,0
204.51,grocery,JP,0201,0
189.76,ride-share,AU,2932,0
343.28,utilities,FR,6870,0
100.81,pharmacy,US,1276,0
49.52,pharmacy,AU,2938,0
207.28,grocery,AU,1129,0
346.68,streaming,US,9061,0
148.83,streaming,GB,4979,0
98.55,streaming,GB,8083,0
310.8,pharmacy,AU,4016,0
373.09,grocery,US,5675,0
278.0,grocery,AU,0023,0
151.76,pharmacy,DE,1703,0
393.28,ride-share,CA,0981,0
58.66,streaming,US,3792,0
208.86,pharmacy,JP,7511,0
35.79,grocery,CA,6461,0
9637.75,streaming,CA,4778,1
127.37,ride-share,DE,5345,0
110.24,grocery,AU,2230,0
234.71,coffee-shop,US,7365,0
163.79,utilities,US,3401,0
186.41,grocery,US,4984,0
279.36,grocery,US,5370,0
285.04,streaming,US,0802,0
105.55,coffee-shop,US,6625,0
223.27,utilities,US,7570,0
317.94,grocery,US,3641,0
329.82,streaming,DE,1376,0
105.01,grocery,US,1056,0
259.1,coffee-shop,US,5432,0
377.03,grocery,US,9402,0
290.32,ride-share,US,6990,0
87.46,coffee-shop,US,7307,0
15.79,utilities,GB,4835,0
353.35,ride-share,US,4583,0
168.86,pharmacy,JP,8614,0
397.65,utilities,FR,6266,0
144.93,utilities,FR,5636,0
201.95,ride-share,US,0427,0
89.17,streaming,US,7728,0
307.2,coffee-shop,AU,1640,0
97.98,utilities,FR,0916,0
379.23,utilities,JP,6363,0
336.01,coffee-shop,US,9707,0
295.77,streaming,AU,0462,0
141.97,utilities,GB,9225,0
335.01,ride-share,GB,2876,0
37.92,coffee-shop,GB,0326,0
2.27,utilities,US,2137,0
72.63,streaming,US,2420,0
367.06,grocery,JP,5978,0
150.69,pharmacy,US,1655,0
130.4,coffee-shop,DE,7157,0
384.34,pharmacy,US,9207,0
371.68,streaming,US,9649,0
152.6,pharmacy,DE,2086,0
2.72,pharmacy,AU,6415,0
308.79,utilities,US,9869,0
323.91,utilities,US,9265,0
199.48,streaming,FR,3899,0
129.17,pharmacy,JP,1453,0
268.67,pharmacy,JP,7317,0
736.42,luxury-goods,GB,4205,1
288.72,grocery,US,6875,0
354.05,ride-share,JP,5754,0
42.37,ride-share,FR,9470,0
275.49,coffee-shop,CA,0547,0
128.85,grocery,US,2787,0
66.04,grocery,GB,1525,0
394.14,ride-share,DE,7066,0
67.67,ride-share,US,1659,0
389.81,ride-share,DE,8849,0
114.05,coffee-shop,US,6437,0
336.26,coffee-shop,US,0062,0
119.23,pharmacy,GB,7869,0
12.24,coffee-shop,GB,1342,0
47.97,ride-share,CA,4341,0
218.56,coffee-shop,US,6249,0
179.42,streaming,CA,4315,0
108.89,grocery,US,1584,0
138.83,utilities,CA,9662,0
26.27,ride-share,FR,6858,0
275.45,ride-share,GB,3860,0
33.42,pharmacy,US,9358,0
320.58,pharmacy,AU,2415,0
303.36,coffee-shop,AU,2738,0
323.77,coffee-shop,US,1283,0
175.29,pharmacy,US,9749,0
364.5,grocery,US,9115,0
131.8,streaming,CA,0202,0
249.98,utilities,FR,1843,0
60.98,utilities,GB,1641,0
225.95,grocery,FR,8775,0
351.4,streaming,US,7955,0
190.27,coffee-shop,US,2356,0
272.96,ride-share,US,5431,0
21.62,ride-share,AU,6102,0
521.55,ride-share,NK,3734,1
389.74,ride-share,FR,5257,0
167.88,pharmacy,US,7237,0
329.94,pharmacy,CA,8462,0
328.76,utilities,FR,1075,0
203.7,coffee-shop,FR,8589,0
13.52,coffee-shop,JP,3288,0
101.3,ride-share,US,5904,0
111.04,ride-share,CA,2029,0
98.29,ride-share,GB,2909,0
190.88,utilities,US,2679,0
104.95,pharmacy,US,0449,0
66.84,utilities,FR,3511,0
259.66,pharmacy,US,6709,0
346.12,pharmacy,US,2167,0
241.25,grocery,US,9967,0
123.57,pharmacy,DE,6943,0
340.93,ride-share,US,7646,0
209.21,utilities,US,1676,0
877.27,utilities,IR,4890,1
193.73,streaming,AU,5327,0
105.94,pharmacy,AU,4895,0
207.88,coffee-shop,JP,9830,0
129.2,coffee-shop,DE,8148,0
105.25,ride-share,CA,0578,0
397.91,coffee-shop,US,3643,0
256.05,ride-share,AU,5873,0
338.48,pharmacy,JP,2967,0
189.37,pharmacy,US,9159,0
74.86,pharmacy,JP,1463,0
90.88,streaming,CA,5428,0
235.06,ride-share,JP,7709,0
10188.85,ride-share,FR,1963,1
153.9,streaming,CA,2470,0
81.72,ride-share,AU,7496,0
345.23,coffee-shop,FR,7988,0
394.68,streaming,GB,0077,0
85.33,coffee-shop,GB,2595,0
305.9,grocery,US,7105,0
162.55,ride-share,US,0618,0
292.8,grocery,JP,8700,0
271.35,pharmacy,DE,3707,0
139.05,coffee-shop,US,8246,0
68.47,grocery,US,4764,0
209.07,utilities,US,2192,0
360.75,streaming,FR,2701,0
367.45,ride-share,US,3675,0
54.22,pharmacy,US,8267,0
147.9,pharmacy,FR,6147,0
103.8,utilities,GB,9730,0
265.46,pharmacy,JP,0790,0
167.88,ride-share,US,4140,0
62.94,pharmacy,DE,0152,0
265.34,pharmacy,GB,9922,0
168.69,grocery,CA,1928,0
314.33,ride-share,US,3272,0
332.94,coffee-shop,US,6713,0
17.68,ride-share,AU,7875,0
3.09,pharmacy,US,1809,0
268.27,coffee-shop,AU,8383,0
16590.73,ride-share,DE,4850,1
21.93,coffee-shop,JP,4760,0
271.35,ride-share,DE,1556,0
356.34,grocery,JP,2793,0
358.02,utilities,US,1522,0
138.4,grocery,CA,7479,0
155.51,ride-share,FR,2732,0
279.08,grocery,AU,2611,0
364.67,ride-share,FR,7178,0
153.14,streaming,GB,2140,0
196.27,ride-share,CA,1037,0
127.07,pharmacy,JP,8598,0
231.51,utilities,US,5542,0
275.92,utilities,US,4072,0
266.16,pharmacy,US,9147,0
245.94,grocery,DE,2571,0
188.78,ride-share,JP,1226,0
129.61,streaming,AU,0824,0
221.1,ride-share,CA,3850,0
16820.18,crypto-exchange,NK,8166,1
49.25,ride-share,FR,0291,0
166.11,utilities,GB,1489,0
385.34,pharmacy,US,8328,0
262.53,ride-share,AU,5953,0
327.0,ride-share,US,9829,0
263.55,pharmacy,CA,1596,0
90.26,streaming,US,4783,0
150.81,grocery,US,2689,0
329.09,pharmacy,DE,1752,0
79.98,grocery,AU,6437,0
330.17,coffee-shop,DE,1765,0
20.51,pharmacy,JP,9647,0
356.92,ride-share,DE,8260,0
200.53,utilities,DE,9064,0
335.85,ride-share,AU,2903,0
71.11,coffee-shop,US,9839,0
130.09,ride-share,CA,9977,0
305.43,streaming,US,5617,0
182.23,coffee-shop,US,9871,0
299.87,streaming,JP,8975,0
285.33,utilities,GB,3291,0
286.33,pharmacy,US,2173,0
260.73,coffee-shop,CA,5281,0
304.79,utilities,CA,9349,0
284.63,pharmacy,FR,8747,0
339.23,grocery,GB,0414,0
23.12,grocery,US,2636,0
273.99,coffee-shop,JP,4835,0
217.39,streaming,FR,1679,0
270.86,utilities,JP,9195,0
205.35,pharmacy,US,0769,0
156.25,pharmacy,US,9046,0
368.38,ride-share,NK,6025,1
219.55,utilities,US,3170,0
72.62,pharmacy,US,2847,0
49.5,grocery,CA,9119,0
66.05,streaming,US,7640,0
63.61,coffee-shop,AU,9779,0
776.58,utilities,IR,1194,1
128.51,coffee-shop,AU,8529,0
1127.44,gift-cards,DE,1506,1
353.59,pharmacy,US,5911,0
380.22,utilities,GB,9196,0
392.49,grocery,US,5668,0
361.99,utilities,AU,3994,0
273.66,streaming,US,1857,0
217.01,streaming,US,8468,0
151.23,utilities,CA,0718,0
261.31,streaming,CA,1572,0
382.6,utilities,GB,1072,0
252.55,coffee-shop,JP,6950,0
83.82,pharmacy,JP,7130,0
376.02,pharmacy,DE,0389,0
134.02,grocery,US,2916,0
224.12,utilities,JP,4237,0
181.55,ride-share,CA,0276,0
49.09,grocery,DE,1036,0
235.07,pharmacy,JP,5860,0
44.24,pharmacy,US,1417,0
370.82,ride-share,US,0504,0
214.32,coffee-shop,FR,8941,0
254.35,streaming,DE,6113,0
6.44,utilities,US,0684,0
12594.43,luxury-goods,IR,3441,1
361.61,streaming,US,8397,0
75.23,utilities,JP,3183,0
269.05,utilities,JP,8992,0
220.77,streaming,DE,4107,0
290.78,ride-share,AU,5851,0
262.88,grocery,US,1143,0
128.48,ride-share,US,5008,0
62.65,utilities,US,5182,0
69.12,streaming,US,3629,0
257.05,streaming,JP,2200,0
133.96,ride-share,CA,5877,0
195.81,grocery,US,9938,0
113.69,coffee-shop,JP,3218,0
354.76,grocery,DE,0305,0
253.39,utilities,GB,9667,0
16.59,streaming,GB,8842,0
310.53,streaming,US,9660,0
117.82,ride-share,CA,1483,0
201.86,pharmacy,US,2717,0
57.87,coffee-shop,US,9270,0
387.16,pharmacy,DE,5878,0
7708.0,crypto-exchange,IR,3834,1
1367.03,crypto-exchange,DE,7695,1
352.86,grocery,AU,5309,0
387.44,pharmacy,JP,4314,0
228.92,ride-share,DE,5985,0
359.49,grocery,CA,6165,0
90.71,ride-share,US,5653,0
193.88,utilities,US,2276,0
93.54,utilities,DE,3465,0
64.63,utilities,DE,1938,0
167.02,streaming,DE,7889,0
192.65,utilities,US,6732,0
5092.7,streaming,CA,8399,1
281.39,crypto-exchange,CA,8464,1
240.54,utilities,GB,4644,0
88.2,utilities,AU,7891,0
332.48,utilities,US,9546,0
74.39,pharmacy,CA,2747,0
138.38,ride-share,GB,1127,0
155.41,grocery,US,8564,0
202.74,ride-share,JP,9920,0
191.4,utilities,GB,8706,0
48.77,ride-share,DE,9887,0
2.48,pharmacy,DE,8553,0
350.18,pharmacy,GB,3759,0
193.89,ride-share,US,9439,0
55.29,ride-share,FR,1373,0
350.95,ride-share,US,0089,0
316.19,utilities,GB,8515,0
1766.25,crypto-exchange,DE,5935,1
171.58,utilities,US,8783,0
147.53,streaming,AU,6511,0
166.46,utilities,CA,6065,0
194.54,streaming,GB,6522,0
342.29,pharmacy,US,3764,0
280.33,coffee-shop,US,8328,0
136.7,utilities,GB,0852,0
385.9,grocery,FR,2381,0
240.9,grocery,US,3633,0
244.39,pharmacy,US,6564,0
209.36,pharmacy,AU,0941,0
328.45,pharmacy,CA,0175,0
263.44,utilities,US,0550,0
205.2,pharmacy,US,2776,0
145.18,pharmacy,US,2579,0
111.82,ride-share,US,6474,0
81.72,grocery,DE,1124,0
220.74,pharmacy,JP,9550,0
385.39,streaming,US,3187,0
162.77,grocery,US,6670,0
224.34,utilities,US,1917,0
382.77,utilities,FR,9419,0
178.22,ride-share,GB,3985,0
384.57,ride-share,DE,9614,0
193.82,streaming,US,3610,0
93.51,streaming,CA,5785,0
5.87,streaming,US,1523,0
300.02,streaming,US,2924,0
142.71,utilities,US,3115,0
81.47,pharmacy,US,4348,0
82.7,coffee-shop,JP,5833,0
44.46,grocery,DE,8071,0
306.17,utilities,AU,7901,0
127.54,utilities,JP,8041,0
306.18,utilities,US,3638,0
53.04,utilities,FR,7836,0
14.96,streaming,US,2863,0
49.91,utilities,CA,0137,0
1041.66,luxury-goods,GB,5924,1
105.36,utilities,US,4413,0
246.01,streaming,US,6945,0
280.88,streaming,US,6563,0
73.6,coffee-shop,AU,3744,0
288.88,coffee-shop,GB,6240,0
320.41,pharmacy,US,0159,0
200.84,pharmacy,CA,5172,0
121.41,utilities,JP,0781,0
276.84,grocery,US,4166,0
252.69,ride-share,FR,4256,0
225.02,streaming,US,6746,0
347.21,utilities,US,9435,0
216.3,streaming,US,8363,0
295.14,grocery,US,4694,0
382.72,coffee-shop,DE,5527,0
245.7,ride-share,JP,1168,0
404.07,streaming,IR,4382,1
159.39,ride-share,FR,5950,0
209.33,ride-share,CA,3012,0
51.77,coffee-shop,DE,1311,0
160.02,grocery,US,7752,0
12.49,ride-share,GB,1363,0
248.0,grocery,DE,6387,0
100.46,streaming,CA,2071,0
335.73,grocery,US,5846,0
131.43,ride-share,CA,8856,0
220.32,coffee-shop,AU,8835,0
239.84,pharmacy,FR,9240,0
256.64,utilities,US,5688,0
92.4,grocery,CA,5992,0
63.98,grocery,US,2233,0
188.74,grocery,DE,8059,0
191.87,grocery,FR,4799,0
319.11,utilities,US,6745,0
175.97,coffee-shop,US,6385,0
89.8,grocery,CA,3924,0
320.38,utilities,FR,4454,0
297.68,streaming,CA,1121,0
117.26,pharmacy,CA,7418,0
249.86,coffee-shop,US,2492,0
5951.88,coffee-shop,GB,4410,1
176.49,grocery,US,2468,0
953.5,crypto-exchange,AU,8165,1
186.55,grocery,US,2393,0
5142.16,crypto-exchange,NK,3148,1
101.53,ride-share,JP,1998,0
286.44,ride-share,FR,7257,0
397.83,coffee-shop,CA,1539,0
392.88,ride-share,US,5113,0
65.13,pharmacy,US,9004,0
102.82,pharmacy,US,5905,0
345.74,coffee-shop,AU,3866,0
131.16,coffee-shop,FR,9579,0
316.08,grocery,AU,9520,0
191.16,utilities,US,1466,0
200.97,pharmacy,GB,0983,0
1798.12,luxury-goods,CA,7992,1
392.71,pharmacy,FR,7187,0
10.5,ride-share,US,2207,0
17.72,pharmacy,CA,4828,0
197.06,utilities,US,5696,0
188.42,utilities,AU,9085,0
213.39,ride-share,US,4314,0
182.72,pharmacy,CA,3039,0
248.65,streaming,FR,3912,0
27.21,utilities,FR,3110,0
200.02,utilities,US,4638,0
257.08,grocery,US,1092,0
569.8,luxury-goods,CA,1753,1
41.3,utilities,DE,6366,0
211.28,pharmacy,GB,0804,0
243.17,grocery,US,3419,0
371.5,grocery,CA,0994,0
297.9,ride-share,JP,0955,0
107.79,grocery,DE,4979,0
2407.38,luxury-goods,US,3784,1
77.41,utilities,DE,9339,0
73.2,pharmacy,GB,1728,0
231.47,pharmacy,CA,6997,0
68.39,coffee-shop,GB,8268,0
64.95,utilities,CA,5772,0
220.93,streaming,JP,6755,0
173.37,pharmacy,US,3943,0
87.14,utilities,AU,4162,0
182.06,ride-share,US,0567,0
239.11,utilities,US,4945,0
654.83,crypto-exchange,US,4521,1
205.49,utilities,AU,2534,0
185.23,coffee-shop,US,6014,0
101.44,streaming,FR,1505,0
228.49,coffee-shop,DE,5319,0
70.82,pharmacy,DE,1562,0
121.56,pharmacy,FR,6251,0
16843.7,pharmacy,GB,7115,1
347.4,coffee-shop,FR,9868,0
254.29,pharmacy,US,4993,0
129.09,utilities,US,8231,0
62.97,pharmacy,DE,6436,0
301.63,utilities,CA,3638,0
314.97,coffee-shop,US,1352,0
298.64,utilities,US,1393,0
174.93,pharmacy,US,2209,0
80.85,ride-share,DE,3212,0
398.84,utilities,US,1173,0
173.17,pharmacy,AU,1467,0
166.61,streaming,US,5254,0
262.85,streaming,US,5729,0
396.08,ride-share,GB,7216,0
619.26,crypto-exchange,CA,1405,1
23.71,utilities,AU,4713,0
7715.75,crypto-exchange,US,5437,1
216.13,coffee-shop,GB,4237,0
249.97,coffee-shop,DE,0301,0
362.6,utilities,US,2790,0
2004.59,gift-cards,GB,0869,1
378.18,grocery,US,4445,0
365.32,streaming,JP,0312,0
353.59,ride-share,US,6237,0
284.46,streaming,CA,9782,0
76.19,utilities,AU,9186,0
10.55,coffee-shop,AU,4995,0
158.57,coffee-shop,US,5765,0
122.33,utilities,US,1015,0
351.71,grocery,AU,4590,0
138.03,ride-share,DE,1438,0
209.25,pharmacy,GB,3726,0
230.01,ride-share,AU,9918,0
217.81,coffee-shop,DE,9519,0
320.44,coffee-shop,US,8582,0
173.17,coffee-shop,DE,9254,0
128.36,utilities,GB,1939,0
336.13,coffee-shop,DE,5221,0
166.79,ride-share,US,4485,0
76.8,coffee-shop,US,4372,0
245.72,utilities,US,0427,0
275.88,ride-share,US,9907,0
260.53,coffee-shop,JP,8051,0
67.19,coffee-shop,US,0245,0
380.18,coffee-shop,FR,3323,0
28.32,ride-share,JP,8027,0
346.98,coffee-shop,CA,0685,0
330.08,pharmacy,US,9370,0
211.04,pharmacy,FR,8530,0
183.85,grocery,JP,4025,0
159.45,pharmacy,US,6347,0
253.0,grocery,US,7201,0
123.21,streaming,CA,6921,0
367.78,pharmacy,CA,2330,0
259.15,grocery,DE,1854,0
235.01,pharmacy,GB,6440,0
181.45,coffee-shop,CA,3308,0
37.89,streaming,DE,2686,0
51.17,grocery,DE,5946,0
283.5,pharmacy,FR,8383,0
65.64,utilities,US,2799,0
227.07,pharmacy,JP,2656,0
73.19,pharmacy,US,5047,0
307.91,ride-share,US,2960,0
54.37,coffee-shop,US,4146,0
17686.58,gift-cards,NK,9961,1
96.68,utilities,DE,7434,0
33.6,utilities,US,8967,0
252.2,coffee-shop,US,2429,0
132.14,grocery,IR,5424,1
21.51,ride-share,AU,2643,0
245.21,pharmacy,DE,9376,0
72.61,ride-share,FR,5901,0
39.06,streaming,US,6208,0
303.86,utilities,US,7713,0
278.46,streaming,US,6779,0
278.94,utilities,US,9361,0
252.33,grocery,CA,9908,0
394.54,streaming,CA,5185,0
230.91,utilities,US,2125,0
199.57,pharmacy,GB,8069,0
353.7,coffee-shop,DE,3171,0
10080.31,coffee-shop,JP,3396,1
399.6,ride-share,US,5728,0
255.73,grocery,DE,4614,0
29.0,streaming,CA,5307,0
47.31,streaming,US,9321,0
13.59,coffee-shop,US,5536,0
192.69,ride-share,FR,2224,0
251.63,utilities,JP,7577,0
166.75,pharmacy,US,8537,0
290.54,streaming,GB,0306,0
274.83,streaming,US,2446,0
14.41,ride-share,GB,2719,0
157.05,utilities,US,5050,0
127.17,grocery,US,1422,0
96.58,ride-share,JP,4958,0
122.32,grocery,US,0612,0
365.51,ride-share,CA,7907,0
63.32,streaming,AU,8579,0
132.28,grocery,JP,8456,0
54.82,pharmacy,US,6350,0
209.89,grocery,US,0721,0
238.53,grocery,US,0755,0
306.94,pharmacy,US,9462,0
256.26,coffee-shop,US,3154,0
213.85,ride-share,DE,4467,0
110.91,grocery,AU,9168,0
84.22,streaming,GB,4440,0
282.33,streaming,GB,2806,0
847.62,grocery,NK,0475,1
270.85,grocery,US,1410,0
73.24,utilities,JP,7304,0
126.35,coffee-shop,DE,8740,0
13084.63,luxury-goods,IR,1593,1
274.42,pharmacy,FR,7709,0
91.07,utilities,US,5954,0
280.45,pharmacy,US,5320,0
14.05,ride-share,US,7842,0
69.98,streaming,GB,2087,0
163.46,pharmacy,FR,5339,0
30.23,streaming,GB,6566,0
96.95,coffee-shop,GB,7903,0
137.6,pharmacy,GB,7132,0
138.2,pharmacy,US,1276,0
285.34,ride-share,US,9766,0
222.92,ride-share,US,6648,0
13345.53,luxury-goods,GB,8098,1
26.47,coffee-shop,FR,9515,0
255.18,grocery,FR,2444,0
118.02,utilities,GB,3205,0
351.22,streaming,GB,4989,0
374.8,pharmacy,AU,5640,0
233.93,utilities,AU,6622,0
341.3,grocery,US,8992,0
2.34,utilities,JP,5885,0
114.32,grocery,US,9669,0
128.61,ride-share,CA,7130,0
265.67,ride-share,US,9100,0
369.94,ride-share,US,2056,0
30.55,grocery,US,7974,0
390.04,coffee-shop,US,6813,0
357.65,pharmacy,GB,6974,0
182.85,ride-share,GB,7373,0
91.84,ride-share,GB,9468,0
292.9,pharmacy,CA,6731,0
231.39,grocery,AU,9308,0
148.69,utilities,CA,1311,0
293.05,streaming,CA,1281,0
244.81,coffee-shop,CA,1279,0
216.6,utilities,US,0864,0
214.94,grocery,CA,8399,0
230.44,streaming,CA,4827,0
16.06,utilities,FR,9235,0
252.46,utilities,US,0845,0
118.12,pharmacy,GB,4699,0
52.47,grocery,JP,4552,0
247.09,streaming,JP,0232,0
242.32,utilities,DE,7317,0
71.81,pharmacy,US,2962,0
345.08,streaming,AU,2376,0
329.05,ride-share,FR,6765,0
96.7,ride-share,DE,2740,0
294.28,streaming,US,4331,0
48.17,coffee-shop,CA,7802,0
298.97,utilities,US,6390,0
59.77,ride-share,US,7353,0
127.64,utilities,DE,0672,0
213.45,streaming,AU,7074,0
261.52,streaming,US,4375,0
103.63,utilities,US,3961,0
236.31,coffee-shop,CA,2947,0
6.21,grocery,JP,0195,0
211.06,pharmacy,CA,3594,0
102.25,grocery,US,1506,0
2383.65,gift-cards,US,1965,1
242.66,ride-share,DE,9274,0
75.54,grocery,DE,4150,0
264.87,grocery,GB,4528,0
277.5,pharmacy,FR,5298,0
312.73,streaming,FR,6271,0
398.39,streaming,AU,4336,0
29.62,coffee-shop,GB,2923,0
45.16,utilities,FR,3578,0
44.29,ride-share,DE,1692,0
11655.9,utilities,AU,7305,1
6381.67,gift-cards,NK,0619,1
108.04,pharmacy,US,6411,0
207.12,ride-share,CA,6617,0
312.81,grocery,GB,0054,0
276.33,ride-share,US,8770,0
144.85,pharmacy,US,0904,0
383.61,grocery,US,5571,0
184.94,streaming,DE,2893,0
387.07,pharmacy,US,6391,0
252.99,streaming,CA,7175,0
57.7,coffee-shop,US,9714,0
156.73,utilities,DE,8186,0
334.03,ride-share,AU,0268,0
8198.24,grocery,DE,1936,1
262.23,utilities,CA,8791,0
232.58,grocery,US,2319,0
9.59,utilities,US,2138,0
16589.0,coffee-shop,DE,2796,1
27.46,grocery,US,9748,0
89.79,coffee-shop,CA,6586,0
390.39,utilities,GB,5268,0
317.65,grocery,GB,5496,0
280.56,ride-share,NK,6060,1
176.59,utilities,US,1637,0
253.61,ride-share,FR,0256,0
34.13,grocery,US,1460,0
238.3,streaming,CA,7798,0
84.05,pharmacy,US,7379,0
375.36,utilities,DE,9769,0
200.96,grocery,GB,4934,0
3.82,coffee-shop,US,8686,0
248.33,utilities,CA,7605,0
264.41,streaming,US,1846,0
274.73,ride-share,CA,2617,0
19.16,pharmacy,US,3433,0
135.05,ride-share,US,0859,0
72.0,grocery,CA,1901,0
1845.3,gift-cards,FR,5340,1
299.34,streaming,US,1804,0
41.03,pharmacy,CA,3276,0
89.82,ride-share,GB,0890,0
59.69,utilities,CA,6346,0
184.18,coffee-shop,GB,4418,0
52.63,pharmacy,GB,4597,0
340.96,ride-share,CA,5629,0
119.47,coffee-shop,FR,2784,0
222.0,coffee-shop,US,8548,0
398.27,utilities,CA,7581,0
292.55,pharmacy,JP,4060,0
232.63,utilities,AU,9399,0
168.27,grocery,US,7711,0
202.68,ride-share,GB,7852,0
279.27,grocery,CA,3940,0
301.73,pharmacy,DE,3571,0
119.72,pharmacy,AU,0260,0
123.32,pharmacy,CA,9345,0
11.72,ride-share,CA,2271,0
163.33,streaming,GB,0022,0
30.14,pharmacy,US,0535,0
301.65,pharmacy,AU,8887,0
84.44,pharmacy,US,5500,0
23.82,pharmacy,US,0844,0
147.51,utilities,US,6003,0
224.4,grocery,GB,3354,0
135.3,utilities,US,7839,0
301.41,pharmacy,US,3693,0
359.38,utilities,DE,4540,0
570.22,ride-share,NK,7703,1
271.97,utilities,JP,7405,0
320.36,pharmacy,FR,1075,0
353.82,grocery,US,2929,0
382.74,grocery,US,1835,0
199.54,coffee-shop,GB,0371,0
387.89,utilities,AU,7764,0
178.66,pharmacy,US,3097,0
2112.13,gift-cards,JP,5503,1
138.43,pharmacy,FR,7965,0
279.35,utilities,CA,4982,0
359.52,streaming,US,4259,0
150.02,streaming,FR,0775,0
115.18,coffee-shop,GB,2634,0
115.53,coffee-shop,JP,2514,0
48.53,streaming,GB,7223,0
75.43,utilities,DE,5192,0
60.88,ride-share,GB,2663,0
50.35,grocery,CA,8182,0
379.22,streaming,US,8948,0
133.85,pharmacy,US,4748,0
302.16,utilities,DE,9260,0
369.07,streaming,DE,7847,0
57.49,utilities,US,0406,0
336.67,ride-share,US,5347,0
1521.06,luxury-goods,AU,4553,1
35.27,ride-share,DE,1431,0
158.98,ride-share,US,9913,0
24.31,pharmacy,US,2423,0
172.2,ride-share,US,4663,0
124.62,ride-share,JP,1435,0
355.35,pharmacy,AU,7249,0
322.66,ride-share,DE,6786,0
235.7,grocery,US,4968,0
347.28,streaming,US,9677,0
37.2,ride-share,GB,4478,0
223.21,pharmacy,GB,2243,0
333.25,streaming,GB,0691,0
122.19,utilities,US,9163,0
91.36,grocery,US,4917,0
334.03,ride-share,US,4713,0
197.77,pharmacy,DE,0466,0
112.33,grocery,GB,5927,0
227.1,streaming,GB,7799,0
327.68,streaming,CA,9425,0
311.24,grocery,NK,5237,1
277.93,streaming,US,4467,0
255.23,streaming,US,4778,0
374.65,utilities,US,3002,0
240.31,coffee-shop,GB,5180,0
274.62,streaming,US,5939,0
232.86,coffee-shop,US,8489,0
311.97,ride-share,US,2671,0
63.51,coffee-shop,JP,9153,0
332.9,utilities,JP,9029,0
321.43,ride-share,CA,1251,0
54.23,grocery,CA,5104,0
57.33,ride-share,JP,9791,0
388.1,coffee-shop,DE,0471,0
49.2,coffee-shop,JP,2332,0
124.36,coffee-shop,US,1287,0
305.68,grocery,US,7934,0
18.92,grocery,US,8412,0
188.69,streaming,US,4942,0
302.31,grocery,AU,3365,0
81.61,pharmacy,US,1487,0
298.99,streaming,AU,5698,0
342.34,pharmacy,GB,8272,0
41.44,utilities,FR,8664,0
78.24,streaming,US,8800,0
16878.64,gift-cards,AU,7777,1
236.57,ride-share,DE,1758,0
143.22,ride-share,CA,8425,0
46.91,streaming,US,1807,0
199.33,streaming,DE,9128,0
34.73,ride-share,US,4646,0
295.0,pharmacy,AU,7273,0
164.1,ride-share,US,1140,0
321.37,pharmacy,US,0209,0
197.68,grocery,US,8563,0
35.83,coffee-shop,US,9675,0
297.09,coffee-shop,US,3261,0
238.79,ride-share,US,6958,0
112.85,pharmacy,FR,9726,0
316.22,pharmacy,AU,5834,0
242.06,ride-share,AU,8379,0
307.66,grocery,US,8017,0
252.09,coffee-shop,US,0865,0
200.26,grocery,AU,6269,0
132.13,streaming,GB,1578,0
265.11,utilities,FR,7635,0
265.51,ride-share,CA,8887,0
344.15,utilities,US,0517,0
352.29,grocery,US,5153,0
178.14,grocery,US,9120,0
312.19,pharmacy,US,7056,0
286.86,ride-share,FR,9320,0
264.71,pharmacy,GB,7697,0
342.03,utilities,US,4315,0
388.41,utilities,DE,4660,0
13.2,grocery,US,6003,0
297.34,grocery,FR,5591,0
172.4,streaming,CA,0924,0
100.55,pharmacy,US,1391,0
28.07,streaming,US,2781,0
133.08,pharmacy,IR,9306,1
169.63,grocery,DE,9633,0
616.39,ride-share,IR,9380,1
196.37,pharmacy,DE,5504,0
324.96,pharmacy,US,4907,0
175.52,ride-share,GB,1234,0
215.26,streaming,US,4871,0
162.01,coffee-shop,GB,1506,0
232.12,utilities,US,1102,0
213.36,ride-share,US,1256,0
122.14,streaming,CA,8846,0
166.9,streaming,GB,7425,0
219.93,grocery,GB,8457,0
231.58,coffee-shop,DE,7656,0
255.89,utilities,JP,7106,0
291.19,grocery,GB,5968,0
97.67,pharmacy,DE,4919,0
165.28,grocery,GB,6757,0
116.24,coffee-shop,US,9850,0
96.92,coffee-shop,US,4023,0
125.6,ride-share,GB,7145,0
362.45,coffee-shop,US,2235,0
1015.31,coffee-shop,NK,7960,1
24.02,grocery,US,4882,0
360.43,ride-share,JP,1479,0
336.24,coffee-shop,US,9354,0
373.31,utilities,DE,9509,0
372.76,streaming,CA,1478,0
50.67,streaming,US,9573,0
322.72,pharmacy,US,6928,0
44.51,coffee-shop,AU,7200,0
345.43,grocery,CA,6139,0
46.96,utilities,CA,4036,0
352.01,coffee-shop,US,6025,0
10.39,utilities,US,0895,0
315.94,coffee-shop,US,6302,0
383.48,streaming,AU,1999,0
96.08,ride-share,US,6438,0
367.33,streaming,US,3857,0
344.05,coffee-shop,AU,5196,0
307.16,ride-share,FR,4489,0
329.63,ride-share,CA,6765,0
134.42,ride-share,JP,1644,0
280.0,utilities,US,6895,0
325.74,pharmacy,US,0448,0
257.27,coffee-shop,GB,2229,0
1626.5,crypto-exchange,FR,1347,1
101.34,pharmacy,AU,2131,0
274.93,streaming,CA,2187,0
275.61,streaming,FR,3254,0
148.3,ride-share,JP,9345,0
379.35,utilities,DE,3747,0
389.7,coffee-shop,US,2764,0
13606.28,luxury-goods,NK,6028,1
227.76,grocery,DE,7129,0
371.46,pharmacy,CA,3677,0
77.84,streaming,US,8096,0
173.66,coffee-shop,GB,4636,0
77.37,coffee-shop,CA,2391,0
414.39,ride-share,NK,6056,1
259.6,grocery,US,2182,0
389.81,ride-share,DE,6283,0
294.97,streaming,US,9125,0
1402.11,ride-share,IR,9934,1
386.95,utilities,DE,0745,0
8840.12,crypto-exchange,IR,2166,1
224.71,utilities,US,2783,0
372.27,ride-share,US,5198,0
174.31,streaming,US,0723,0
200.69,streaming,FR,7046,0
351.02,utilities,JP,4321,0
175.44,coffee-shop,US,8049,0
62.2,pharmacy,GB,7208,0
278.23,luxury-goods,US,7704,1
282.97,ride-share,US,8108,0
1484.12,utilities,IR,7499,1
338.64,coffee-shop,US,1533,0
115.08,coffee-shop,FR,4469,0
265.93,coffee-shop,GB,0067,0
229.17,ride-share,AU,4033,0
271.41,streaming,US,1998,0
236.95,grocery,JP,2519,0
17291.19,gift-cards,IR,7439,1
109.19,pharmacy,US,0718,0
380.46,streaming,AU,9325,0
345.58,pharmacy,US,0909,0
219.77,utilities,US,6534,0
97.55,ride-share,US,3411,0
312.24,streaming,DE,2525,0
197.36,ride-share,DE,5080,0
242.2,streaming,DE,6020,0
196.87,ride-share,CA,9225,0
37.91,ride-share,FR,3053,0
171.55,grocery,CA,7594,0
259.75,pharmacy,US,8115,0
259.6,grocery,US,7165,0
8806.29,luxury-goods,IR,4073,1
119.6,grocery,GB,0738,0
205.24,ride-share,US,9313,0
143.47,utilities,US,8248,0
6872.84,luxury-goods,IR,0741,1
350.95,streaming,US,7454,0
181.08,streaming,US,3066,0
33.13,utilities,US,1742,0
9.13,ride-share,US,2813,0
185.14,ride-share,JP,9861,0
122.51,utilities,US,6471,0
36.88,coffee-shop,US,1833,0
279.02,coffee-shop,JP,3428,0
59.77,coffee-shop,CA,8824,0
121.77,ride-share,US,6912,0
2270.68,gift-cards,JP,7295,1
189.65,ride-share,GB,3298,0
332.12,ride-share,US,0129,0
339.36,ride-share,AU,8121,0
239.14,utilities,AU,0606,0
195.47,utilities,DE,7993,0
26.16,grocery,CA,5174,0
108.6,pharmacy,CA,7755,0
249.83,pharmacy,US,7147,0
1111.22,ride-share,IR,7178,1
89.44,pharmacy,US,9864,0
286.65,ride-share,US,4806,0
157.37,ride-share,JP,5902,0
320.3,coffee-shop,GB,4627,0
36.3,ride-share,US,3268,0
197.89,ride-share,AU,8089,0
85.35,grocery,AU,5878,0
144.1,coffee-shop,US,8248,0
8198.47,coffee-shop,FR,3714,1
91.19,streaming,AU,5820,0
308.5,utilities,US,2476,0
349.73,utilities,DE,0826,0
176.26,ride-share,AU,1817,0
313.1,utilities,FR,1669,0
18.7,grocery,US,1934,0
364.57,coffee-shop,DE,7233,0
200.36,grocery,US,5959,0
56.83,coffee-shop,CA,6811,0
4.62,ride-share,US,8274,0
107.87,pharmacy,FR,5908,0
99.69,utilities,CA,3738,0
172.67,ride-share,JP,8456,0
145.99,grocery,CA,0162,0
207.9,grocery,US,5157,0
309.4,ride-share,US,0607,0
257.3,utilities,US,8516,0
168.88,pharmacy,DE,4986,0
126.85,streaming,US,4583,0
244.94,coffee-shop,DE,7310,0
355.26,utilities,FR,7244,0
355.29,pharmacy,CA,3232,0
35.54,utilities,US,2064,0
217.23,coffee-shop,US,9040,0
137.6,pharmacy,US,0456,0
216.89,streaming,US,4979,0
394.81,grocery,DE,6110,0
203.98,grocery,US,2043,0
229.83,grocery,CA,3868,0
395.62,utilities,DE,8737,0
95.07,streaming,US,9384,0
286.31,utilities,DE,1724,0
233.78,streaming,CA,2401,0
331.72,grocery,US,6961,0
191.55,ride-share,US,8622,0
224.47,ride-share,JP,9573,0
170.52,ride-share,DE,8020,0
167.94,coffee-shop,US,2082,0
184.17,pharmacy,CA,8669,0
86.63,ride-share,US,2569,0
148.99,grocery,GB,6694,0
149.1,streaming,US,2511,0
123.36,streaming,US,7961,0
484.03,gift-cards,DE,0797,1
123.46,streaming,US,8008,0
175.94,grocery,IR,7883,1
227.17,streaming,FR,7786,0
333.81,coffee-shop,FR,8270,0
305.15,pharmacy,CA,5328,0
250.66,utilities,CA,3814,0
136.92,grocery,AU,7259,0
259.07,coffee-shop,DE,9371,0
309.09,streaming,GB,2028,0
35.89,utilities,GB,0866,0
209.66,ride-share,CA,0305,0
374.6,coffee-shop,AU,4504,0
99.62,pharmacy,JP,9495,0
323.15,utilities,US,9648,0
8231.36,streaming,DE,0394,1
128.32,streaming,US,1627,0
115.57,coffee-shop,US,1468,0
380.96,pharmacy,US,5329,0
285.89,streaming,US,5243,0
357.42,streaming,US,1981,0
1917.51,gift-cards,CA,8076,1
202.76,grocery,US,5215,0
164.02,ride-share,US,3829,0
9.41,utilities,AU,1663,0
222.77,coffee-shop,US,6664,0
338.82,utilities,US,2332,0
394.15,coffee-shop,GB,6942,0
222.95,grocery,US,7612,0
249.05,pharmacy,AU,0008,0
8372.85,crypto-exchange,IR,5757,1
86.68,utilities,US,2644,0
226.11,streaming,US,2014,0
290.58,streaming,JP,3454,0
383.05,streaming,JP,5613,0
391.9,pharmacy,CA,4029,0
130.01,coffee-shop,CA,9822,0
365.78,coffee-shop,DE,0033,0
3.7,grocery,DE,6769,0
279.2,ride-share,FR,8816,0
350.93,pharmacy,US,0507,0
326.79,ride-share,DE,5783,0
151.8,utilities,US,2903,0
325.12,grocery,US,6069,0
178.94,coffee-shop,FR,4606,0
284.26,coffee-shop,US,4967,0
90.02,ride-share,AU,0602,0
361.99,pharmacy,GB,0116,0
328.81,ride-share,US,4544,0
198.62,utilities,US,9268,0
241.98,coffee-shop,US,2101,0
52.72,utilities,JP,8570,0
111.18,pharmacy,US,8731,0
272.91,ride-share,US,6997,0
377.34,grocery,JP,5292,0
398.05,streaming,US,8491,0
145.87,grocery,JP,3678,0
12518.56,crypto-exchange,NK,6420,1
34.56,utilities,FR,3696,0
170.68,grocery,AU,3225,0
125.7,pharmacy,GB,0456,0
323.61,utilities,FR,5477,0
100.37,ride-share,US,5583,0
329.01,utilities,FR,1194,0
248.59,grocery,GB,9485,0
389.86,grocery,US,1065,0
26.68,ride-share,US,7075,0
11477.02,utilities,AU,6249,1
247.69,ride-share,US,9823,0
250.36,ride-share,US,7014,0
248.45,streaming,DE,0425,0
132.62,coffee-shop,US,0201,0
28.88,coffee-shop,AU,2064,0
104.0,ride-share,CA,7284,0
56.79,grocery,US,5106,0
206.22,pharmacy,FR,5098,0
217.38,coffee-shop,US,5057,0
117.84,grocery,CA,2369,0
9446.5,ride-share,CA,3297,1
137.94,pharmacy,CA,7657,0
133.8,utilities,GB,5499,0
168.64,coffee-shop,US,0691,0
368.14,pharmacy,US,3772,0
86.83,ride-share,DE,5431,0
151.61,ride-share,US,0110,0
31.35,grocery,GB,2333,0
79.37,utilities,AU,5896,0
6147.02,utilities,CA,3587,1
288.1,streaming,JP,4029,0
10.55,streaming,AU,0343,0
56.62,pharmacy,FR,1818,0
85.67,ride-share,US,6100,0
376.58,utilities,JP,1071,0
353.32,coffee-shop,FR,3140,0
278.35,streaming,GB,4006,0
305.71,utilities,US,8773,0
61.13,coffee-shop,US,4588,0
340.9,utilities,JP,3428,0
314.3,pharmacy,GB,2743,0
301.02,pharmacy,FR,6131,0
186.78,streaming,DE,8609,0
286.83,ride-share,CA,9522,0
368.63,utilities,DE,3394,0
82.79,coffee-shop,US,5013,0
152.08,coffee-shop,AU,6129,0
35.73,grocery,US,8500,0
234.42,ride-share,CA,5511,0
188.09,ride-share,US,8151,0
154.18,coffee-shop,CA,4351,0
144.92,grocery,US,8220,0
258.17,streaming,AU,1612,0
145.37,utilities,US,3221,0
101.51,pharmacy,FR,4496,0
242.41,coffee-shop,AU,8898,0
5.4,streaming,US,5679,0
162.72,ride-share,JP,0194,0
206.03,coffee-shop,JP,3728,0
300.16,ride-share,US,9617,0
303.53,pharmacy,FR,5581,0
126.6,coffee-shop,CA,6843,0
181.09,utilities,US,2276,0
53.08,pharmacy,US,5810,0
168.82,pharmacy,FR,8808,0
235.61,utilities,FR,2279,0
381.15,streaming,GB,9879,0
230.4,ride-share,AU,3345,0
27.36,ride-share,US,1779,0
384.85,pharmacy,JP,1527,0
270.6,coffee-shop,US,9885,0
76.3,grocery,AU,6322,0
94.75,pharmacy,GB,7449,0
5743.02,luxury-goods,DE,2572,1
53.4,ride-share,CA,1126,0
361.63,coffee-shop,US,3369,0
327.52,pharmacy,CA,9891,0
125.5,coffee-shop,CA,7519,0
4.96,coffee-shop,CA,6541,0
100.24,streaming,AU,8043,0
231.3,pharmacy,US,7476,0
337.37,streaming,US,2869,0
73.47,utilities,DE,7501,0
264.31,pharmacy,GB,6447,0
19.38,coffee-shop,US,8810,0
366.69,pharmacy,DE,3559,0
165.69,utilities,US,6041,0
10665.04,pharmacy,DE,7388,1
84.53,grocery,CA,1199,0
270.9,ride-share,US,6542,0
159.88,grocery,US,2236,0
299.97,ride-share,CA,1352,0
98.43,ride-share,US,4573,0
69.89,grocery,GB,2903,0
214.79,ride-share,US,0183,0
63.09,streaming,US,0564,0
213.85,ride-share,DE,8566,0
287.13,grocery,US,5051,0
240.09,grocery,FR,3305,0
151.11,coffee-shop,US,0262,0
395.74,streaming,JP,1035,0
353.15,pharmacy,US,2736,0
15271.24,pharmacy,FR,3105,1
373.86,ride-share,AU,1979,0
44.14,streaming,US,6588,0
6.77,coffee-shop,CA,1081,0
112.83,utilities,US,1103,0
165.62,utilities,CA,1668,0
316.92,utilities,US,1552,0
392.6,pharmacy,US,2177,0
254.87,pharmacy,US,7899,0
12206.29,crypto-exchange,DE,8372,1
94.51,utilities,DE,0217,0
247.31,grocery,US,7020,0
248.67,grocery,US,8171,0
62.36,coffee-shop,DE,3900,0
240.03,ride-share,DE,5385,0
128.38,grocery,GB,6797,0
116.81,grocery,US,5427,0
83.92,grocery,AU,4068,0
279.12,coffee-shop,GB,6250,0
75.05,pharmacy,US,8055,0
272.45,luxury-goods,CA,2057,1
237.87,coffee-shop,US,1280,0
187.9,coffee-shop,DE,4012,0
243.13,streaming,US,7344,0
82.16,ride-share,US,5891,0
68.77,ride-share,CA,9984,0
304.61,ride-share,US,6249,0
35.13,streaming,GB,2503,0
71.93,ride-share,CA,7431,0
225.73,ride-share,US,2238,0
79.89,coffee-shop,US,8203,0
150.95,ride-share,AU,6465,0
150.51,ride-share,US,9638,0
17888.59,coffee-shop,DE,9266,1
305.65,streaming,FR,5711,0
196.47,pharmacy,US,0945,0
370.75,pharmacy,US,7827,0
975.95,pharmacy,NK,2422,1
183.28,pharmacy,US,4053,0
380.81,coffee-shop,US,1512,0
366.92,ride-share,DE,1316,0
77.15,ride-share,US,6993,0
122.28,utilities,DE,6271,0
294.11,pharmacy,JP,1790,0
311.12,streaming,FR,4407,0
372.15,ride-share,DE,0105,0
326.92,grocery,US,6845,0
262.5,pharmacy,CA,2890,0
282.21,coffee-shop,CA,8234,0
181.36,coffee-shop,US,0966,0
324.05,coffee-shop,US,6697,0
365.36,grocery,JP,2721,0
8790.38,utilities,US,5605,1
1273.06,gift-cards,AU,1651,1
1147.55,grocery,NK,1586,1
317.13,ride-share,GB,4355,0
190.35,streaming,GB,5514,0
356.28,streaming,FR,5918,0
152.62,grocery,AU,5410,0
3.23,pharmacy,CA,2275,0
16061.28,utilities,JP,4072,1
248.1,pharmacy,JP,8436,0
76.8,pharmacy,AU,5278,0
1320.28,pharmacy,IR,7279,1
194.85,pharmacy,GB,1333,0
375.76,ride-share,AU,1645,0
118.96,coffee-shop,DE,8520,0
314.38,pharmacy,CA,2094,0
36.66,pharmacy,AU,7648,0
179.62,grocery,CA,8858,0
86.23,pharmacy,DE,1728,0
286.87,coffee-shop,AU,5349,0
306.99,coffee-shop,DE,7803,0
268.9,pharmacy,US,8757,0
197.8,pharmacy,US,3666,0
307.0,utilities,US,5623,0
287.54,pharmacy,DE,9206,0
175.91,coffee-shop,US,1895,0
46.33,streaming,FR,3082,0
48.21,streaming,US,5134,0
231.61,grocery,US,9667,0
339.15,ride-share,US,5980,0
373.7,coffee-shop,CA,9856,0
44.42,grocery,GB,7546,0
326.83,streaming,JP,8189,0
60.68,streaming,US,0562,0
124.94,pharmacy,US,9403,0
331.82,ride-share,US,6171,0
296.84,pharmacy,NK,3687,1
22.92,coffee-shop,JP,6419,0
326.37,coffee-shop,AU,8977,0
170.13,ride-share,AU,6412,0
212.08,streaming,US,3196,0
220.11,grocery,US,9509,0
23.54,pharmacy,US,2681,0
177.87,ride-share,US,2372,0
322.13,coffee-shop,DE,0149,0
342.74,grocery,DE,2418,0
393.11,pharmacy,JP,0922,0
389.72,coffee-shop,AU,1922,0
260.74,utilities,CA,2434,0
162.79,grocery,US,6498,0
275.82,coffee-shop,DE,6150,0
396.48,pharmacy,DE,7596,0
260.82,streaming,GB,7292,0
49.76,grocery,US,8351,0
235.57,utilities,CA,1549,0
74.08,ride-share,AU,7105,0
51.84,streaming,US,8806,0
325.52,grocery,US,8788,0
212.97,grocery,CA,9580,0
327.89,pharmacy,US,3399,0
359.25,coffee-shop,JP,2948,0
16808.21,luxury-goods,NK,2110,1
261.75,grocery,GB,0573,0
51.64,streaming,US,8919,0
390.89,pharmacy,US,4925,0
1016.0,ride-share,NK,9454,1
126.55,streaming,GB,8365,0
41.41,grocery,US,3081,0
342.72,coffee-shop,AU,9865,0
237.53,streaming,US,6914,0
450.16,pharmacy,NK,6554,1
378.01,pharmacy,CA,2346,0
30.08,pharmacy,US,3156,0
226.33,pharmacy,JP,9911,0
328.98,streaming,AU,7104,0
385.68,coffee-shop,US,2041,0
274.22,ride-share,US,1457,0
134.74,streaming,US,3698,0
40.98,coffee-shop,US,1720,0
51.15,utilities,DE,5022,0
323.11,grocery,GB,9374,0
221.51,utilities,US,0785,0
378.71,ride-share,US,8711,0
353.04,ride-share,CA,2090,0
275.29,pharmacy,US,2070,0
227.89,streaming,US,6064,0
101.15,utilities,CA,7500,0
394.53,ride-share,CA,4519,0
209.2,pharmacy,JP,3748,0
343.45,streaming,CA,5123,0
254.6,grocery,DE,1534,0
24.85,pharmacy,US,8074,0
6.26,ride-share,DE,2235,0
206.97,pharmacy,JP,2042,0
247.28,pharmacy,US,6962,0
300.37,coffee-shop,AU,8652,0
18.86,ride-share,AU,8577,0
71.58,streaming,JP,8416,0
22.26,ride-share,US,6115,0
136.51,pharmacy,US,8832,0
343.41,streaming,US,4809,0
2.89,pharmacy,GB,3562,0
371.79,pharmacy,CA,0580,0
357.21,ride-share,US,0096,0
132.76,streaming,US,5729,0
76.09,streaming,US,7058,0
35.73,utilities,JP,6729,0
195.99,coffee-shop,FR,4098,0
159.35,streaming,US,2984,0
109.25,ride-share,DE,7198,0
142.79,ride-share,US,3251,0
115.39,coffee-shop,US,5426,0
65.8,coffee-shop,AU,4354,0
196.65,ride-share,FR,2087,0
306.23,ride-share,CA,6370,0
383.16,grocery,US,5638,0
307.42,coffee-shop,US,5605,0
239.64,grocery,CA,4742,0
34.88,ride-share,US,2498,0
76.37,streaming,FR,4317,0
100.45,ride-share,US,1688,0
201.93,coffee-shop,US,9686,0
61.19,grocery,US,0628,0
78.49,coffee-shop,CA,3270,0
22.28,ride-share,GB,3791,0
171.58,grocery,CA,0846,0
109.16,streaming,AU,6849,0
358.25,coffee-shop,US,0854,0
130.01,streaming,CA,9937,0
75.57,ride-share,US,4986,0
268.24,pharmacy,GB,2134,0
297.03,streaming,FR,9648,0
149.89,pharmacy,US,9573,0
355.1,coffee-shop,GB,9860,0
235.45,pharmacy,FR,3160,0
370.35,grocery,AU,5618,0
190.73,coffee-shop,GB,2517,0
1132.8,gift-cards,GB,9180,1
358.18,ride-share,GB,1923,0
28.95,ride-share,GB,8255,0
68.44,streaming,DE,2112,0
382.41,grocery,FR,3116,0
160.2,pharmacy,GB,8412,0
67.88,utilities,US,6393,0
110.05,coffee-shop,US,9369,0
279.3,utilities,CA,8602,0
341.29,streaming,DE,9046,0
91.12,utilities,US,0640,0
376.93,streaming,AU,4430,0
22.5,coffee-shop,AU,3440,0
2.56,streaming,GB,6047,0
378.68,utilities,US,2189,0
245.37,streaming,AU,0170,0
89.27,streaming,US,0256,0
391.55,utilities,US,6258,0
104.42,pharmacy,GB,9025,0
177.99,streaming,US,9529,0
343.57,ride-share,US,3796,0
174.69,coffee-shop,AU,1535,0
184.84,coffee-shop,US,8036,0
73.8,streaming,US,2669,0
327.36,pharmacy,GB,1137,0
171.71,ride-share,AU,6594,0
211.66,pharmacy,FR,0193,0
152.39,grocery,US,0222,0
258.5,grocery,US,1369,0
375.56,utilities,US,0153,0
44.32,pharmacy,FR,1392,0
193.21,utilities,JP,2672,0
192.61,coffee-shop,US,4382,0
50.98,grocery,US,4861,0
354.81,ride-share,US,3675,0
10166.13,crypto-exchange,IR,3700,1
274.4,pharmacy,JP,1841,0
396.33,coffee-shop,US,4617,0
247.05,grocery,US,1389,0
242.59,coffee-shop,CA,5486,0
272.41,coffee-shop,JP,4940,0
116.23,grocery,US,8179,0
373.29,pharmacy,FR,0035,0
391.26,pharmacy,US,2421,0
289.09,ride-share,FR,1854,0
383.91,streaming,US,5292,0
74.39,ride-share,US,8097,0
277.98,ride-share,GB,5463,0
377.72,coffee-shop,US,9000,0
214.44,utilities,GB,3770,0
233.22,ride-share,GB,3593,0
95.61,grocery,US,0281,0
190.62,coffee-shop,AU,0976,0
145.62,coffee-shop,US,2361,0
221.5,ride-share,US,3679,0
425.5,gift-cards,JP,2344,1
12.49,ride-share,US,1736,0
31.36,utilities,JP,0494,0
58.23,coffee-shop,US,9325,0
167.76,coffee-shop,CA,2295,0
280.03,streaming,CA,5526,0
258.65,grocery,US,2554,0
12141.77,streaming,FR,2627,1
14878.46,crypto-exchange,IR,9372,1
284.32,ride-share,AU,4453,0
209.56,coffee-shop,FR,6560,0
89.12,coffee-shop,JP,9163,0
32.73,pharmacy,CA,5131,0
163.23,ride-share,US,6086,0
79.5,grocery,US,5942,0
338.95,grocery,US,2666,0
28.0,utilities,US,5064,0
82.29,grocery,US,1393,0
226.79,utilities,AU,7926,0
212.36,streaming,NK,5843,1
383.58,utilities,US,6400,0
389.59,pharmacy,DE,5428,0
297.1,grocery,CA,2460,0
11631.25,luxury-goods,IR,2641,1
186.32,pharmacy,US,3794,0
323.38,pharmacy,US,2638,0
201.64,pharmacy,GB,8573,0
137.88,coffee-shop,US,5903,0
376.18,grocery,JP,6350,0
398.81,utilities,US,2496,0
397.77,grocery,FR,2336,0
125.2,grocery,CA,7451,0
373.75,coffee-shop,US,9445,0
37.51,coffee-shop,DE,7548,0
190.36,streaming,FR,7242,0
57.9,grocery,AU,7999,0
649.33,utilities,NK,7222,1
338.24,streaming,US,6769,0
106.61,pharmacy,US,0934,0
99.44,utilities,US,1725,0
64.97,ride-share,JP,3654,0
185.99,grocery,US,7675,0
360.25,ride-share,US,2953,0
367.15,ride-share,FR,3268,0
27.66,streaming,AU,7967,0
